round,offerer,responder,offer,response,discounts
1,4,5,0.01,accept,"[1, 1]"
1,8,1,0.5,accept,"[1, 1]"
1,5,7,0.5,accept,"[1, 1]"
1,2,6,0.1,accept,"[1, 1]"
1,0,3,0.5,accept,"[1, 1]"
2,5,4,0.5,counter,"[1, 1]"
2,1,8,0.5,accept,"[1, 1]"
2,7,5,0.5,accept,"[1, 1]"
2,6,2,0.1,reject,"[1, 1]"
2,3,0,0.322,counter,"[1, 1]"
3,4,5,0.01,accept,"[0.9, 0.9]"
3,8,1,0.5,accept,"[1, 1]"
3,5,7,0.5,accept,"[1, 1]"
3,6,7,0.5,accept,"[0.9, 1]"
3,0,2,0.5,accept,"[1, 0.9]"
3,0,3,0.589,accept,"[0.9, 0.9]"
4,5,4,0.5,counter,"[1, 1]"
4,1,8,0.5,accept,"[1, 1]"
4,7,5,0.5,accept,"[1, 1]"
4,7,6,0.5,accept,"[1, 1]"
4,2,0,0.1,counter,"[1, 1]"
4,3,0,0.43316666666666664,counter,"[1, 1]"
5,4,5,0.01,accept,"[0.9, 0.9]"
5,8,1,0.5,accept,"[1, 1]"
5,5,7,0.5,accept,"[1, 1]"
5,6,7,0.5,accept,"[1, 1]"
5,0,2,0.7,accept,"[0.9, 0.9]"
5,0,3,0.5334166666666667,accept,"[0.9, 0.9]"
6,5,4,0.5,counter,"[1, 1]"
6,1,8,0.5,accept,"[1, 1]"
6,7,5,0.5,accept,"[1, 1]"
6,7,6,0.5,accept,"[1, 1]"
6,2,0,0.1,counter,"[1, 1]"
6,3,0,0.4572361111111111,counter,"[1, 1]"
7,4,5,0.01,accept,"[0.9, 0.9]"
7,8,1,0.5,accept,"[1, 1]"
7,5,7,0.5,accept,"[1, 1]"
7,6,7,0.5,accept,"[1, 1]"
7,0,2,0.7,accept,"[0.9, 0.9]"
7,0,3,0.5213819444444444,accept,"[0.9, 0.9]"
8,5,4,0.5,counter,"[1, 1]"
8,1,8,0.5,accept,"[1, 1]"
8,7,5,0.5,accept,"[1, 1]"
8,7,6,0.5,accept,"[1, 1]"
8,2,0,0.1,counter,"[1, 1]"
8,3,0,0.45523032407407404,counter,"[1, 1]"
9,4,5,0.01,accept,"[0.9, 0.9]"
9,8,1,0.5,accept,"[1, 1]"
9,5,7,0.5,accept,"[1, 1]"
9,6,7,0.5,accept,"[1, 1]"
9,0,2,0.7,accept,"[0.9, 0.9]"
9,0,3,0.522384837962963,accept,"[0.9, 0.9]"
10,5,4,0.5,counter,"[1, 1]"
10,1,8,0.5,accept,"[1, 1]"
10,7,5,0.5,accept,"[1, 1]"
10,7,6,0.5,accept,"[1, 1]"
10,2,0,0.1,counter,"[1, 1]"
10,3,0,0.45539747299382716,counter,"[1, 1]"
11,4,5,0.01,accept,"[0.9, 0.9]"
11,8,1,0.5,accept,"[1, 1]"
11,5,7,0.5,accept,"[1, 1]"
11,6,7,0.5,accept,"[1, 1]"
11,0,2,0.7,accept,"[0.9, 0.9]"
11,0,3,0.5223012635030864,accept,"[0.9, 0.9]"
12,5,4,0.5,counter,"[1, 1]"
12,1,8,0.5,accept,"[1, 1]"
12,7,5,0.5,accept,"[1, 1]"
12,7,6,0.5,accept,"[1, 1]"
12,2,0,0.1,counter,"[1, 1]"
12,3,0,0.45538354391718106,counter,"[1, 1]"
13,4,5,0.01,accept,"[0.9, 0.9]"
13,8,1,0.5,accept,"[1, 1]"
13,5,7,0.5,accept,"[1, 1]"
13,6,7,0.5,accept,"[1, 1]"
13,0,2,0.7,accept,"[0.9, 0.9]"
13,0,3,0.5223082280414095,accept,"[0.9, 0.9]"
14,5,4,0.5,counter,"[1, 1]"
14,1,8,0.5,accept,"[1, 1]"
14,7,5,0.5,accept,"[1, 1]"
14,7,6,0.5,accept,"[1, 1]"
14,2,0,0.1,counter,"[1, 1]"
14,3,0,0.45538470467356823,counter,"[1, 1]"
15,4,5,0.01,accept,"[0.9, 0.9]"
15,8,1,0.5,accept,"[1, 1]"
15,5,7,0.5,accept,"[1, 1]"
15,6,7,0.5,accept,"[1, 1]"
15,0,2,0.7,accept,"[0.9, 0.9]"
15,0,3,0.5223076476632159,accept,"[0.9, 0.9]"
16,5,4,0.5,counter,"[1, 1]"
16,1,8,0.5,accept,"[1, 1]"
16,7,5,0.5,accept,"[1, 1]"
16,7,6,0.5,accept,"[1, 1]"
16,2,0,0.1,counter,"[1, 1]"
16,3,0,0.4553846079438693,counter,"[1, 1]"
17,4,5,0.01,accept,"[0.9, 0.9]"
17,8,1,0.5,accept,"[1, 1]"
17,5,7,0.5,accept,"[1, 1]"
17,6,7,0.5,accept,"[1, 1]"
17,0,2,0.7,accept,"[0.9, 0.9]"
17,0,3,0.5223076960280654,accept,"[0.9, 0.9]"
18,5,4,0.5,counter,"[1, 1]"
18,1,8,0.5,accept,"[1, 1]"
18,7,5,0.5,accept,"[1, 1]"
18,7,6,0.5,accept,"[1, 1]"
18,2,0,0.1,counter,"[1, 1]"
18,3,0,0.45538461600467756,counter,"[1, 1]"
19,4,5,0.01,accept,"[0.9, 0.9]"
19,8,1,0.5,accept,"[1, 1]"
19,5,7,0.5,accept,"[1, 1]"
19,6,7,0.5,accept,"[1, 1]"
19,0,2,0.7,accept,"[0.9, 0.9]"
19,0,3,0.5223076919976612,accept,"[0.9, 0.9]"
20,5,4,0.5,counter,"[1, 1]"
20,1,8,0.5,accept,"[1, 1]"
20,7,5,0.5,accept,"[1, 1]"
20,7,6,0.5,accept,"[1, 1]"
20,2,0,0.1,counter,"[1, 1]"
20,3,0,0.45538461533294355,counter,"[1, 1]"
21,4,5,0.01,accept,"[0.9, 0.9]"
21,8,1,0.5,accept,"[1, 1]"
21,5,7,0.5,accept,"[1, 1]"
21,6,7,0.5,accept,"[1, 1]"
21,0,2,0.7,accept,"[0.9, 0.9]"
21,0,3,0.5223076923335283,accept,"[0.9, 0.9]"
22,5,4,0.5,counter,"[1, 1]"
22,1,8,0.5,accept,"[1, 1]"
22,7,5,0.5,accept,"[1, 1]"
22,7,6,0.5,accept,"[1, 1]"
22,2,0,0.1,counter,"[1, 1]"
22,3,0,0.4553846153889214,counter,"[1, 1]"
23,4,5,0.01,accept,"[0.9, 0.9]"
23,8,1,0.5,accept,"[1, 1]"
23,5,7,0.5,accept,"[1, 1]"
23,6,7,0.5,accept,"[1, 1]"
23,0,2,0.7,accept,"[0.9, 0.9]"
23,0,3,0.5223076923055393,accept,"[0.9, 0.9]"
24,5,4,0.5,counter,"[1, 1]"
24,1,8,0.5,accept,"[1, 1]"
24,7,5,0.5,accept,"[1, 1]"
24,7,6,0.5,accept,"[1, 1]"
24,2,0,0.1,counter,"[1, 1]"
24,3,0,0.45538461538425656,counter,"[1, 1]"
25,4,5,0.01,accept,"[0.9, 0.9]"
25,8,1,0.5,accept,"[1, 1]"
25,5,7,0.5,accept,"[1, 1]"
25,6,7,0.5,accept,"[1, 1]"
25,0,2,0.7,accept,"[0.9, 0.9]"
25,0,3,0.5223076923078718,accept,"[0.9, 0.9]"
26,5,4,0.5,counter,"[1, 1]"
26,1,8,0.5,accept,"[1, 1]"
26,7,5,0.5,accept,"[1, 1]"
26,7,6,0.5,accept,"[1, 1]"
26,2,0,0.1,counter,"[1, 1]"
26,3,0,0.4553846153846453,counter,"[1, 1]"
27,4,5,0.01,accept,"[0.9, 0.9]"
27,8,1,0.5,accept,"[1, 1]"
27,5,7,0.5,accept,"[1, 1]"
27,6,7,0.5,accept,"[1, 1]"
27,0,2,0.7,accept,"[0.9, 0.9]"
27,0,3,0.5223076923076774,accept,"[0.9, 0.9]"
28,5,4,0.5,counter,"[1, 1]"
28,1,8,0.5,accept,"[1, 1]"
28,7,5,0.5,accept,"[1, 1]"
28,7,6,0.5,accept,"[1, 1]"
28,2,0,0.1,counter,"[1, 1]"
28,3,0,0.4553846153846129,counter,"[1, 1]"
29,4,5,0.01,accept,"[0.9, 0.9]"
29,8,1,0.5,accept,"[1, 1]"
29,5,7,0.5,accept,"[1, 1]"
29,6,7,0.5,accept,"[1, 1]"
29,0,2,0.7,accept,"[0.9, 0.9]"
29,0,3,0.5223076923076936,accept,"[0.9, 0.9]"
30,5,4,0.5,counter,"[1, 1]"
30,1,8,0.5,accept,"[1, 1]"
30,7,5,0.5,accept,"[1, 1]"
30,7,6,0.5,accept,"[1, 1]"
30,2,0,0.1,counter,"[1, 1]"
30,3,0,0.4553846153846156,counter,"[1, 1]"
31,4,5,0.01,accept,"[0.9, 0.9]"
31,8,1,0.5,accept,"[1, 1]"
31,5,7,0.5,accept,"[1, 1]"
31,6,7,0.5,accept,"[1, 1]"
31,0,2,0.7,accept,"[0.9, 0.9]"
31,0,3,0.5223076923076921,accept,"[0.9, 0.9]"
32,5,4,0.5,counter,"[1, 1]"
32,1,8,0.5,accept,"[1, 1]"
32,7,5,0.5,accept,"[1, 1]"
32,7,6,0.5,accept,"[1, 1]"
32,2,0,0.1,counter,"[1, 1]"
32,3,0,0.45538461538461533,counter,"[1, 1]"
33,4,5,0.01,accept,"[0.9, 0.9]"
33,8,1,0.5,accept,"[1, 1]"
33,5,7,0.5,accept,"[1, 1]"
33,6,7,0.5,accept,"[1, 1]"
33,0,2,0.7,accept,"[0.9, 0.9]"
33,0,3,0.5223076923076924,accept,"[0.9, 0.9]"
34,5,4,0.5,counter,"[1, 1]"
34,1,8,0.5,accept,"[1, 1]"
34,7,5,0.5,accept,"[1, 1]"
34,7,6,0.5,accept,"[1, 1]"
34,2,0,0.1,counter,"[1, 1]"
34,3,0,0.4553846153846154,counter,"[1, 1]"
35,4,5,0.01,accept,"[0.9, 0.9]"
35,8,1,0.5,accept,"[1, 1]"
35,5,7,0.5,accept,"[1, 1]"
35,6,7,0.5,accept,"[1, 1]"
35,0,2,0.7,accept,"[0.9, 0.9]"
35,0,3,0.5223076923076924,accept,"[0.9, 0.9]"
36,5,4,0.5,counter,"[1, 1]"
36,1,8,0.5,accept,"[1, 1]"
36,7,5,0.5,accept,"[1, 1]"
36,7,6,0.5,accept,"[1, 1]"
36,2,0,0.1,counter,"[1, 1]"
36,3,0,0.4553846153846154,counter,"[1, 1]"
37,4,5,0.01,accept,"[0.9, 0.9]"
37,8,1,0.5,accept,"[1, 1]"
37,5,7,0.5,accept,"[1, 1]"
37,6,7,0.5,accept,"[1, 1]"
37,0,2,0.7,accept,"[0.9, 0.9]"
37,0,3,0.5223076923076924,accept,"[0.9, 0.9]"
38,5,4,0.5,counter,"[1, 1]"
38,1,8,0.5,accept,"[1, 1]"
38,7,5,0.5,accept,"[1, 1]"
38,7,6,0.5,accept,"[1, 1]"
38,2,0,0.1,counter,"[1, 1]"
38,3,0,0.4553846153846154,counter,"[1, 1]"
39,4,5,0.01,accept,"[0.9, 0.9]"
39,8,1,0.5,accept,"[1, 1]"
39,5,7,0.5,accept,"[1, 1]"
39,6,7,0.5,accept,"[1, 1]"
39,0,2,0.7,accept,"[0.9, 0.9]"
39,0,3,0.5223076923076924,accept,"[0.9, 0.9]"
40,5,4,0.5,counter,"[1, 1]"
40,1,8,0.5,accept,"[1, 1]"
40,7,5,0.5,accept,"[1, 1]"
40,7,6,0.5,accept,"[1, 1]"
40,2,0,0.1,counter,"[1, 1]"
40,3,0,0.4553846153846154,counter,"[1, 1]"
41,4,5,0.01,accept,"[0.9, 0.9]"
41,8,1,0.5,accept,"[1, 1]"
41,5,7,0.5,accept,"[1, 1]"
41,6,7,0.5,accept,"[1, 1]"
41,0,2,0.7,accept,"[0.9, 0.9]"
41,0,3,0.5223076923076924,accept,"[0.9, 0.9]"
42,5,4,0.5,counter,"[1, 1]"
42,1,8,0.5,accept,"[1, 1]"
42,7,5,0.5,accept,"[1, 1]"
42,7,6,0.5,accept,"[1, 1]"
42,2,0,0.1,counter,"[1, 1]"
42,3,0,0.4553846153846154,counter,"[1, 1]"
43,4,5,0.01,accept,"[0.9, 0.9]"
43,8,1,0.5,accept,"[1, 1]"
43,5,7,0.5,accept,"[1, 1]"
43,6,7,0.5,accept,"[1, 1]"
43,0,2,0.7,accept,"[0.9, 0.9]"
43,0,3,0.5223076923076924,accept,"[0.9, 0.9]"
44,5,4,0.5,counter,"[1, 1]"
44,1,8,0.5,accept,"[1, 1]"
44,7,5,0.5,accept,"[1, 1]"
44,7,6,0.5,accept,"[1, 1]"
44,2,0,0.1,counter,"[1, 1]"
44,3,0,0.4553846153846154,counter,"[1, 1]"
45,4,5,0.01,accept,"[0.9, 0.9]"
45,8,1,0.5,accept,"[1, 1]"
45,5,7,0.5,accept,"[1, 1]"
45,6,7,0.5,accept,"[1, 1]"
45,0,2,0.7,accept,"[0.9, 0.9]"
45,0,3,0.5223076923076924,accept,"[0.9, 0.9]"
46,5,4,0.5,counter,"[1, 1]"
46,1,8,0.5,accept,"[1, 1]"
46,7,5,0.5,accept,"[1, 1]"
46,7,6,0.5,accept,"[1, 1]"
46,2,0,0.1,counter,"[1, 1]"
46,3,0,0.4553846153846154,counter,"[1, 1]"
47,4,5,0.01,accept,"[0.9, 0.9]"
47,8,1,0.5,accept,"[1, 1]"
47,5,7,0.5,accept,"[1, 1]"
47,6,7,0.5,accept,"[1, 1]"
47,0,2,0.7,accept,"[0.9, 0.9]"
47,0,3,0.5223076923076924,accept,"[0.9, 0.9]"
48,5,4,0.5,counter,"[1, 1]"
48,1,8,0.5,accept,"[1, 1]"
48,7,5,0.5,accept,"[1, 1]"
48,7,6,0.5,accept,"[1, 1]"
48,2,0,0.1,counter,"[1, 1]"
48,3,0,0.4553846153846154,counter,"[1, 1]"
49,4,5,0.01,accept,"[0.9, 0.9]"
49,8,1,0.5,accept,"[1, 1]"
49,5,7,0.5,accept,"[1, 1]"
49,6,7,0.5,accept,"[1, 1]"
49,0,2,0.7,accept,"[0.9, 0.9]"
49,0,3,0.5223076923076924,accept,"[0.9, 0.9]"
50,5,4,0.5,counter,"[1, 1]"
50,1,8,0.5,accept,"[1, 1]"
50,7,5,0.5,accept,"[1, 1]"
50,7,6,0.5,accept,"[1, 1]"
50,2,0,0.1,counter,"[1, 1]"
50,3,0,0.4553846153846154,counter,"[1, 1]"
51,4,5,0.01,accept,"[0.9, 0.9]"
51,8,1,0.5,accept,"[1, 1]"
51,5,7,0.5,accept,"[1, 1]"
51,6,7,0.5,accept,"[1, 1]"
51,0,2,0.7,accept,"[0.9, 0.9]"
51,0,3,0.5223076923076924,accept,"[0.9, 0.9]"
52,5,4,0.5,counter,"[1, 1]"
52,1,8,0.5,accept,"[1, 1]"
52,7,5,0.5,accept,"[1, 1]"
52,7,6,0.5,accept,"[1, 1]"
52,2,0,0.1,counter,"[1, 1]"
52,3,0,0.4553846153846154,counter,"[1, 1]"
53,4,5,0.01,accept,"[0.9, 0.9]"
53,8,1,0.5,accept,"[1, 1]"
53,5,7,0.5,accept,"[1, 1]"
53,6,7,0.5,accept,"[1, 1]"
53,0,2,0.7,accept,"[0.9, 0.9]"
53,0,3,0.5223076923076924,accept,"[0.9, 0.9]"
54,5,4,0.5,counter,"[1, 1]"
54,1,8,0.5,accept,"[1, 1]"
54,7,5,0.5,accept,"[1, 1]"
54,7,6,0.5,accept,"[1, 1]"
54,2,0,0.1,counter,"[1, 1]"
54,3,0,0.4553846153846154,counter,"[1, 1]"
55,4,5,0.01,accept,"[0.9, 0.9]"
55,8,1,0.5,accept,"[1, 1]"
55,5,7,0.5,accept,"[1, 1]"
55,6,7,0.5,accept,"[1, 1]"
55,0,2,0.7,accept,"[0.9, 0.9]"
55,0,3,0.5223076923076924,accept,"[0.9, 0.9]"
56,5,4,0.5,counter,"[1, 1]"
56,1,8,0.5,accept,"[1, 1]"
56,7,5,0.5,accept,"[1, 1]"
56,7,6,0.5,accept,"[1, 1]"
56,2,0,0.1,counter,"[1, 1]"
56,3,0,0.4553846153846154,counter,"[1, 1]"
57,4,5,0.01,accept,"[0.9, 0.9]"
57,8,1,0.5,accept,"[1, 1]"
57,5,7,0.5,accept,"[1, 1]"
57,6,7,0.5,accept,"[1, 1]"
57,0,2,0.7,accept,"[0.9, 0.9]"
57,0,3,0.5223076923076924,accept,"[0.9, 0.9]"
58,5,4,0.5,counter,"[1, 1]"
58,1,8,0.5,accept,"[1, 1]"
58,7,5,0.5,accept,"[1, 1]"
58,7,6,0.5,accept,"[1, 1]"
58,2,0,0.1,counter,"[1, 1]"
58,3,0,0.4553846153846154,counter,"[1, 1]"
59,4,5,0.01,accept,"[0.9, 0.9]"
59,8,1,0.5,accept,"[1, 1]"
59,5,7,0.5,accept,"[1, 1]"
59,6,7,0.5,accept,"[1, 1]"
59,0,2,0.7,accept,"[0.9, 0.9]"
59,0,3,0.5223076923076924,accept,"[0.9, 0.9]"
60,5,4,0.5,counter,"[1, 1]"
60,1,8,0.5,accept,"[1, 1]"
60,7,5,0.5,accept,"[1, 1]"
60,7,6,0.5,accept,"[1, 1]"
60,2,0,0.1,counter,"[1, 1]"
60,3,0,0.4553846153846154,counter,"[1, 1]"
61,4,5,0.01,accept,"[0.9, 0.9]"
61,8,1,0.5,accept,"[1, 1]"
61,5,7,0.5,accept,"[1, 1]"
61,6,7,0.5,accept,"[1, 1]"
61,0,2,0.7,accept,"[0.9, 0.9]"
61,0,3,0.5223076923076924,accept,"[0.9, 0.9]"
62,5,4,0.5,counter,"[1, 1]"
62,1,8,0.5,accept,"[1, 1]"
62,7,5,0.5,accept,"[1, 1]"
62,7,6,0.5,accept,"[1, 1]"
62,2,0,0.1,counter,"[1, 1]"
62,3,0,0.4553846153846154,counter,"[1, 1]"
63,4,5,0.01,accept,"[0.9, 0.9]"
63,8,1,0.5,accept,"[1, 1]"
63,5,7,0.5,accept,"[1, 1]"
63,6,7,0.5,accept,"[1, 1]"
63,0,2,0.7,accept,"[0.9, 0.9]"
63,0,3,0.5223076923076924,accept,"[0.9, 0.9]"
64,5,4,0.5,counter,"[1, 1]"
64,1,8,0.5,accept,"[1, 1]"
64,7,5,0.5,accept,"[1, 1]"
64,7,6,0.5,accept,"[1, 1]"
64,2,0,0.1,counter,"[1, 1]"
64,3,0,0.4553846153846154,counter,"[1, 1]"
65,4,5,0.01,accept,"[0.9, 0.9]"
65,8,1,0.5,accept,"[1, 1]"
65,5,7,0.5,accept,"[1, 1]"
65,6,7,0.5,accept,"[1, 1]"
65,0,2,0.7,accept,"[0.9, 0.9]"
65,0,3,0.5223076923076924,accept,"[0.9, 0.9]"
66,5,4,0.5,counter,"[1, 1]"
66,1,8,0.5,accept,"[1, 1]"
66,7,5,0.5,accept,"[1, 1]"
66,7,6,0.5,accept,"[1, 1]"
66,2,0,0.1,counter,"[1, 1]"
66,3,0,0.4553846153846154,counter,"[1, 1]"
67,4,5,0.01,accept,"[0.9, 0.9]"
67,8,1,0.5,accept,"[1, 1]"
67,5,7,0.5,accept,"[1, 1]"
67,6,7,0.5,accept,"[1, 1]"
67,0,2,0.7,accept,"[0.9, 0.9]"
67,0,3,0.5223076923076924,accept,"[0.9, 0.9]"
68,5,4,0.5,counter,"[1, 1]"
68,1,8,0.5,accept,"[1, 1]"
68,7,5,0.5,accept,"[1, 1]"
68,7,6,0.5,accept,"[1, 1]"
68,2,0,0.1,counter,"[1, 1]"
68,3,0,0.4553846153846154,counter,"[1, 1]"
69,4,5,0.01,accept,"[0.9, 0.9]"
69,8,1,0.5,accept,"[1, 1]"
69,5,7,0.5,accept,"[1, 1]"
69,6,7,0.5,accept,"[1, 1]"
69,0,2,0.7,accept,"[0.9, 0.9]"
69,0,3,0.5223076923076924,accept,"[0.9, 0.9]"
70,5,4,0.5,counter,"[1, 1]"
70,1,8,0.5,accept,"[1, 1]"
70,7,5,0.5,accept,"[1, 1]"
70,7,6,0.5,accept,"[1, 1]"
70,2,0,0.1,counter,"[1, 1]"
70,3,0,0.4553846153846154,counter,"[1, 1]"
71,4,5,0.01,accept,"[0.9, 0.9]"
71,8,1,0.5,accept,"[1, 1]"
71,5,7,0.5,accept,"[1, 1]"
71,6,7,0.5,accept,"[1, 1]"
71,0,2,0.7,accept,"[0.9, 0.9]"
71,0,3,0.5223076923076924,accept,"[0.9, 0.9]"
72,5,4,0.5,counter,"[1, 1]"
72,1,8,0.5,accept,"[1, 1]"
72,7,5,0.5,accept,"[1, 1]"
72,7,6,0.5,accept,"[1, 1]"
72,2,0,0.1,counter,"[1, 1]"
72,3,0,0.4553846153846154,counter,"[1, 1]"
73,4,5,0.01,accept,"[0.9, 0.9]"
73,8,1,0.5,accept,"[1, 1]"
73,5,7,0.5,accept,"[1, 1]"
73,6,7,0.5,accept,"[1, 1]"
73,0,2,0.7,accept,"[0.9, 0.9]"
73,0,3,0.5223076923076924,accept,"[0.9, 0.9]"
74,5,4,0.5,counter,"[1, 1]"
74,1,8,0.5,accept,"[1, 1]"
74,7,5,0.5,accept,"[1, 1]"
74,7,6,0.5,accept,"[1, 1]"
74,2,0,0.1,counter,"[1, 1]"
74,3,0,0.4553846153846154,counter,"[1, 1]"
75,4,5,0.01,accept,"[0.9, 0.9]"
75,8,1,0.5,accept,"[1, 1]"
75,5,7,0.5,accept,"[1, 1]"
75,6,7,0.5,accept,"[1, 1]"
75,0,2,0.7,accept,"[0.9, 0.9]"
75,0,3,0.5223076923076924,accept,"[0.9, 0.9]"
76,5,4,0.5,counter,"[1, 1]"
76,1,8,0.5,accept,"[1, 1]"
76,7,5,0.5,accept,"[1, 1]"
76,7,6,0.5,accept,"[1, 1]"
76,2,0,0.1,counter,"[1, 1]"
76,3,0,0.4553846153846154,counter,"[1, 1]"
77,4,5,0.01,accept,"[0.9, 0.9]"
77,8,1,0.5,accept,"[1, 1]"
77,5,7,0.5,accept,"[1, 1]"
77,6,7,0.5,accept,"[1, 1]"
77,0,2,0.7,accept,"[0.9, 0.9]"
77,0,3,0.5223076923076924,accept,"[0.9, 0.9]"
78,5,4,0.5,counter,"[1, 1]"
78,1,8,0.5,accept,"[1, 1]"
78,7,5,0.5,accept,"[1, 1]"
78,7,6,0.5,accept,"[1, 1]"
78,2,0,0.1,counter,"[1, 1]"
78,3,0,0.4553846153846154,counter,"[1, 1]"
79,4,5,0.01,accept,"[0.9, 0.9]"
79,8,1,0.5,accept,"[1, 1]"
79,5,7,0.5,accept,"[1, 1]"
79,6,7,0.5,accept,"[1, 1]"
79,0,2,0.7,accept,"[0.9, 0.9]"
79,0,3,0.5223076923076924,accept,"[0.9, 0.9]"
80,5,4,0.5,counter,"[1, 1]"
80,1,8,0.5,accept,"[1, 1]"
80,7,5,0.5,accept,"[1, 1]"
80,7,6,0.5,accept,"[1, 1]"
80,2,0,0.1,counter,"[1, 1]"
80,3,0,0.4553846153846154,counter,"[1, 1]"
81,4,5,0.01,accept,"[0.9, 0.9]"
81,8,1,0.5,accept,"[1, 1]"
81,5,7,0.5,accept,"[1, 1]"
81,6,7,0.5,accept,"[1, 1]"
81,0,2,0.7,accept,"[0.9, 0.9]"
81,0,3,0.5223076923076924,accept,"[0.9, 0.9]"
82,5,4,0.5,counter,"[1, 1]"
82,1,8,0.5,accept,"[1, 1]"
82,7,5,0.5,accept,"[1, 1]"
82,7,6,0.5,accept,"[1, 1]"
82,2,0,0.1,counter,"[1, 1]"
82,3,0,0.4553846153846154,counter,"[1, 1]"
83,4,5,0.01,accept,"[0.9, 0.9]"
83,8,1,0.5,accept,"[1, 1]"
83,5,7,0.5,accept,"[1, 1]"
83,6,7,0.5,accept,"[1, 1]"
83,0,2,0.7,accept,"[0.9, 0.9]"
83,0,3,0.5223076923076924,accept,"[0.9, 0.9]"
84,5,4,0.5,counter,"[1, 1]"
84,1,8,0.5,accept,"[1, 1]"
84,7,5,0.5,accept,"[1, 1]"
84,7,6,0.5,accept,"[1, 1]"
84,2,0,0.1,counter,"[1, 1]"
84,3,0,0.4553846153846154,counter,"[1, 1]"
85,4,5,0.01,accept,"[0.9, 0.9]"
85,8,1,0.5,accept,"[1, 1]"
85,5,7,0.5,accept,"[1, 1]"
85,6,7,0.5,accept,"[1, 1]"
85,0,2,0.7,accept,"[0.9, 0.9]"
85,0,3,0.5223076923076924,accept,"[0.9, 0.9]"
86,5,4,0.5,counter,"[1, 1]"
86,1,8,0.5,accept,"[1, 1]"
86,7,5,0.5,accept,"[1, 1]"
86,7,6,0.5,accept,"[1, 1]"
86,2,0,0.1,counter,"[1, 1]"
86,3,0,0.4553846153846154,counter,"[1, 1]"
87,4,5,0.01,accept,"[0.9, 0.9]"
87,8,1,0.5,accept,"[1, 1]"
87,5,7,0.5,accept,"[1, 1]"
87,6,7,0.5,accept,"[1, 1]"
87,0,2,0.7,accept,"[0.9, 0.9]"
87,0,3,0.5223076923076924,accept,"[0.9, 0.9]"
88,5,4,0.5,counter,"[1, 1]"
88,1,8,0.5,accept,"[1, 1]"
88,7,5,0.5,accept,"[1, 1]"
88,7,6,0.5,accept,"[1, 1]"
88,2,0,0.1,counter,"[1, 1]"
88,3,0,0.4553846153846154,counter,"[1, 1]"
89,4,5,0.01,accept,"[0.9, 0.9]"
89,8,1,0.5,accept,"[1, 1]"
89,5,7,0.5,accept,"[1, 1]"
89,6,7,0.5,accept,"[1, 1]"
89,0,2,0.7,accept,"[0.9, 0.9]"
89,0,3,0.5223076923076924,accept,"[0.9, 0.9]"
90,5,4,0.5,counter,"[1, 1]"
90,1,8,0.5,accept,"[1, 1]"
90,7,5,0.5,accept,"[1, 1]"
90,7,6,0.5,accept,"[1, 1]"
90,2,0,0.1,counter,"[1, 1]"
90,3,0,0.4553846153846154,counter,"[1, 1]"
91,4,5,0.01,accept,"[0.9, 0.9]"
91,8,1,0.5,accept,"[1, 1]"
91,5,7,0.5,accept,"[1, 1]"
91,6,7,0.5,accept,"[1, 1]"
91,0,2,0.7,accept,"[0.9, 0.9]"
91,0,3,0.5223076923076924,accept,"[0.9, 0.9]"
92,5,4,0.5,counter,"[1, 1]"
92,1,8,0.5,accept,"[1, 1]"
92,7,5,0.5,accept,"[1, 1]"
92,7,6,0.5,accept,"[1, 1]"
92,2,0,0.1,counter,"[1, 1]"
92,3,0,0.4553846153846154,counter,"[1, 1]"
93,4,5,0.01,accept,"[0.9, 0.9]"
93,8,1,0.5,accept,"[1, 1]"
93,5,7,0.5,accept,"[1, 1]"
93,6,7,0.5,accept,"[1, 1]"
93,0,2,0.7,accept,"[0.9, 0.9]"
93,0,3,0.5223076923076924,accept,"[0.9, 0.9]"
94,5,4,0.5,counter,"[1, 1]"
94,1,8,0.5,accept,"[1, 1]"
94,7,5,0.5,accept,"[1, 1]"
94,7,6,0.5,accept,"[1, 1]"
94,2,0,0.1,counter,"[1, 1]"
94,3,0,0.4553846153846154,counter,"[1, 1]"
95,4,5,0.01,accept,"[0.9, 0.9]"
95,8,1,0.5,accept,"[1, 1]"
95,5,7,0.5,accept,"[1, 1]"
95,6,7,0.5,accept,"[1, 1]"
95,0,2,0.7,accept,"[0.9, 0.9]"
95,0,3,0.5223076923076924,accept,"[0.9, 0.9]"
96,5,4,0.5,counter,"[1, 1]"
96,1,8,0.5,accept,"[1, 1]"
96,7,5,0.5,accept,"[1, 1]"
96,7,6,0.5,accept,"[1, 1]"
96,2,0,0.1,counter,"[1, 1]"
96,3,0,0.4553846153846154,counter,"[1, 1]"
97,4,5,0.01,accept,"[0.9, 0.9]"
97,8,1,0.5,accept,"[1, 1]"
97,5,7,0.5,accept,"[1, 1]"
97,6,7,0.5,accept,"[1, 1]"
97,0,2,0.7,accept,"[0.9, 0.9]"
97,0,3,0.5223076923076924,accept,"[0.9, 0.9]"
98,5,4,0.5,counter,"[1, 1]"
98,1,8,0.5,accept,"[1, 1]"
98,7,5,0.5,accept,"[1, 1]"
98,7,6,0.5,accept,"[1, 1]"
98,2,0,0.1,counter,"[1, 1]"
98,3,0,0.4553846153846154,counter,"[1, 1]"
99,4,5,0.01,accept,"[0.9, 0.9]"
99,8,1,0.5,accept,"[1, 1]"
99,5,7,0.5,accept,"[1, 1]"
99,6,7,0.5,accept,"[1, 1]"
99,0,2,0.7,accept,"[0.9, 0.9]"
99,0,3,0.5223076923076924,accept,"[0.9, 0.9]"
100,5,4,0.5,counter,"[1, 1]"
100,1,8,0.5,accept,"[1, 1]"
100,7,5,0.5,accept,"[1, 1]"
100,7,6,0.5,accept,"[1, 1]"
100,2,0,0.1,counter,"[1, 1]"
100,3,0,0.4553846153846154,counter,"[1, 1]"
